{"cameraMode":{"drawMode":0,"name":"Shaded","section":"Shading Mode"},"sceneLighting":true,"audioPlay":false,"sceneViewState":{"showFog":true,"showMaterialUpdate":false,"showSkybox":true,"showFlares":true,"showImageEffects":true,"showParticleSystems":true},"in2DMode":false,"pivot":{"x":251.23402404785157,"y":177.94557189941407,"z":60.91215515136719},"rotation":{"x":0.016808895394206048,"y":-0.004504009615629911,"z":0.00007585684943478554,"w":0.9998480081558228},"size":294.65460205078127,"orthographic":false}